Wissenschaft,Medizin,Coronavirus,Deutschland,Markus Söder,Robert Habeck,Jens Spahn,Helge Braun,Corona-Impfstoff,Corona-Impfungen,Robert Koch-Institut (RKI)
Wissenschaft,Medizin,Coronavirus,Corona-News-Update,Corona-Impfungen,Die Welt,Handelsblatt,Tschechien,Österreich,Funke Mediengruppe,Deutschland,Airbus,SPD,Bayern,CDU,FDP,Twitter
Wissenschaft,Medizin,Coronavirus,Christian Drosten
Wissenschaft,Medizin,Coronavirus,Corona-Impfstoff,Corona-Impfungen,Coronavirus: Medizin
Wissenschaft,Medizin,Coronavirus,Corona-Impfstoff,Corona-Impfungen,Coronavirus: Medizin
Wissenschaft,Medizin,COVID-19,Coronavirus,Corona-Impfungen,Corona-Impfstoff
Wissenschaft,Medizin,Coronavirus,Corona-Impfstoff,Coronavirus: Grafiken,Impfung,Datenjournalismus
Wissenschaft,Medizin,Coronavirus,Dänemark
Wissenschaft,Medizin,Coronavirus,COVID-19,Robert Koch-Institut (RKI),Datenjournalismus
Wissenschaft,Medizin,Coronavirus,Corona-Impfungen
Wissenschaft,Medizin,Coronavirus,Corona-News-Update,Corona-Impfungen,COVID-19,Corona-Impfstoff,Homeoffice,Funke Mediengruppe,SPD,FDP,Hubertus Heil
Wissenschaft,Medizin,Coronavirus
Wissenschaft,Medizin,Corona-News-Update,Coronavirus,Kampf gegen die Corona-Pandemie,Corona-Impfstoff,Corona-Impfungen,Corona-Impfstoff,Coronavirus: Arbeit und Wirtschaft,Coronavirus: Medizin
Wissenschaft,Medizin,Corona-News-Update,Coronavirus,Corona-Impfungen,Jens Spahn,CDU
Wissenschaft,Medizin,Corona-News-Update,Coronavirus,Kampf gegen die Corona-Pandemie,Corona-Impfstoff,Corona-Impfungen,Coronavirus: Arbeit und Wirtschaft,Coronavirus: Medizin
Wissenschaft,Medizin,Coronavirus,Kampf gegen die Corona-Pandemie,Corona-Impfstoff,Corona-Impfungen,Corona-Impfstoff,Corona-News-Update,Coronavirus: Arbeit und Wirtschaft,Coronavirus: Medizin
Wissenschaft,Medizin,Coronavirus,Coronapandemie: Videos,Arbeitsrecht,Pflege
Wissenschaft,Medizin,Corona-News-Update,Coronavirus,Corona-Impfungen
Wissenschaft,Medizin,Coronavirus,Coronapandemie: Videos,Corona-Impfstoff,USA,Corona-Impfungen
Wissenschaft,Medizin,Coronavirus
Wissenschaft,Medizin,Coronavirus,Roche
Wissenschaft,Medizin,Coronavirus,Corona-Impfstoff,Corona-Impfungen
Wissenschaft,Medizin,Coronavirus,Coronavirus: Grafiken,Datenjournalismus
Wissenschaft,Medizin,Coronavirus,Corona-Impfungen,Corona-Impfstoff,Robert Koch-Institut (RKI)
Wissenschaft,Medizin,Coronavirus,Corona-Impfungen,Corona-Impfstoff
Wissenschaft,Medizin,Coronavirus,Coronavirus: Grafiken,Datenjournalismus
Wissenschaft,Medizin,Robert Koch-Institut (RKI),Coronavirus,Corona-Impfstoff,Corona-Impfungen
Wissenschaft,Medizin,Coronavirus,Corona-Impfstoff,Corona-Impfungen
Wissenschaft,Medizin,Matthias Maurer,Internationale Raumstation,SpaceX (Space Exploration Technologies Corporation),Raumfahrt
Wissenschaft,Medizin,COVID-19,Coronavirus,Merck
Wissenschaft,Medizin,Robert Koch-Institut (RKI),Coronavirus,Robert Habeck,SPD,FDP,Corona-Impfstoff,Corona-Impfungen
Medizin,Wissenschaft,Coronavirus,Deutschland,Markus Söder,Robert Habeck,Jens Spahn,Helge Braun,Corona-Impfstoff,Corona-Impfungen,Robert Koch-Institut (RKI)
Medizin,Wissenschaft,Coronavirus,Corona-News-Update,Corona-Impfungen,Die Welt,Handelsblatt,Tschechien,Österreich,Funke Mediengruppe,Deutschland,Airbus,SPD,Bayern,CDU,FDP,Twitter
Medizin,Wissenschaft,Coronavirus,Christian Drosten
Medizin,Wissenschaft,Coronavirus,Corona-Impfstoff,Corona-Impfungen,Coronavirus: Medizin
Medizin,Wissenschaft,Coronavirus,Corona-Impfstoff,Corona-Impfungen,Coronavirus: Medizin
Medizin,Wissenschaft,COVID-19,Coronavirus,Corona-Impfungen,Corona-Impfstoff
Medizin,Wissenschaft,Coronavirus,Corona-Impfstoff,Coronavirus: Grafiken,Impfung,Datenjournalismus
Medizin,Wissenschaft,Coronavirus,Dänemark
Medizin,Wissenschaft,Coronavirus,COVID-19,Robert Koch-Institut (RKI),Datenjournalismus
Medizin,Wissenschaft,Coronavirus,Corona-Impfungen
Medizin,Wissenschaft,Coronavirus,Corona-News-Update,Corona-Impfungen,COVID-19,Corona-Impfstoff,Homeoffice,Funke Mediengruppe,SPD,FDP,Hubertus Heil
Medizin,Wissenschaft,Coronavirus
Medizin,Wissenschaft,Corona-News-Update,Coronavirus,Kampf gegen die Corona-Pandemie,Corona-Impfstoff,Corona-Impfungen,Corona-Impfstoff,Coronavirus: Arbeit und Wirtschaft,Coronavirus: Medizin
Medizin,Wissenschaft,Corona-News-Update,Coronavirus,Corona-Impfungen,Jens Spahn,CDU
Medizin,Wissenschaft,Corona-News-Update,Coronavirus,Kampf gegen die Corona-Pandemie,Corona-Impfstoff,Corona-Impfungen,Coronavirus: Arbeit und Wirtschaft,Coronavirus: Medizin
Medizin,Wissenschaft,Coronavirus,Kampf gegen die Corona-Pandemie,Corona-Impfstoff,Corona-Impfungen,Corona-Impfstoff,Corona-News-Update,Coronavirus: Arbeit und Wirtschaft,Coronavirus: Medizin
Medizin,Wissenschaft,Coronavirus,Coronapandemie: Videos,Arbeitsrecht,Pflege
Medizin,Wissenschaft,Corona-News-Update,Coronavirus,Corona-Impfungen
Medizin,Wissenschaft,Coronavirus,Coronapandemie: Videos,Corona-Impfstoff,USA,Corona-Impfungen
Medizin,Wissenschaft,Coronavirus
Medizin,Wissenschaft,Coronavirus,Roche
Medizin,Wissenschaft,Coronavirus,Corona-Impfstoff,Corona-Impfungen
Medizin,Wissenschaft,Coronavirus,Coronavirus: Grafiken,Datenjournalismus
Medizin,Wissenschaft,Coronavirus,Corona-Impfungen,Corona-Impfstoff,Robert Koch-Institut (RKI)
Medizin,Wissenschaft,Coronavirus,Corona-Impfungen,Corona-Impfstoff
Medizin,Wissenschaft,Coronavirus,Coronavirus: Grafiken,Datenjournalismus
Medizin,Wissenschaft,Robert Koch-Institut (RKI),Coronavirus,Corona-Impfstoff,Corona-Impfungen
Medizin,Wissenschaft,Coronavirus,Corona-Impfstoff,Corona-Impfungen
Medizin,Wissenschaft,Matthias Maurer,Internationale Raumstation,SpaceX (Space Exploration Technologies Corporation),Raumfahrt
Medizin,Wissenschaft,COVID-19,Coronavirus,Merck
Medizin,Wissenschaft,Robert Koch-Institut (RKI),Coronavirus,Robert Habeck,SPD,FDP,Corona-Impfstoff,Corona-Impfungen
Coronavirus,Wissenschaft,Medizin,Deutschland,Markus Söder,Robert Habeck,Jens Spahn,Helge Braun,Corona-Impfstoff,Corona-Impfungen,Robert Koch-Institut (RKI)
Coronavirus,Wissenschaft,Medizin,Corona-News-Update,Corona-Impfungen,Die Welt,Handelsblatt,Tschechien,Österreich,Funke Mediengruppe,Deutschland,Airbus,SPD,Bayern,CDU,FDP,Twitter
Coronavirus,Wissenschaft,Medizin,Christian Drosten
Coronavirus,Wissenschaft,Medizin,Corona-Impfstoff,Corona-Impfungen,Coronavirus: Medizin
Coronavirus,Wissenschaft,Medizin,Corona-Impfstoff,Corona-Impfungen,Coronavirus: Medizin
Coronavirus,Wissenschaft,Medizin,COVID-19,Corona-Impfungen,Corona-Impfstoff
Coronavirus,Wissenschaft,Medizin,Corona-Impfstoff,Coronavirus: Grafiken,Impfung,Datenjournalismus
Coronavirus,Wissenschaft,Medizin,Dänemark
Coronavirus,Wissenschaft,Medizin,COVID-19,Robert Koch-Institut (RKI),Datenjournalismus
Coronavirus,Wissenschaft,Medizin,Corona-Impfungen
Coronavirus,Wissenschaft,Medizin,Corona-News-Update,Corona-Impfungen,COVID-19,Corona-Impfstoff,Homeoffice,Funke Mediengruppe,SPD,FDP,Hubertus Heil
Coronavirus,Wissenschaft,Medizin
Coronavirus,Wissenschaft,Medizin,Corona-News-Update,Kampf gegen die Corona-Pandemie,Corona-Impfstoff,Corona-Impfungen,Corona-Impfstoff,Coronavirus: Arbeit und Wirtschaft,Coronavirus: Medizin
Coronavirus,Wissenschaft,Medizin,Corona-News-Update,Corona-Impfungen,Jens Spahn,CDU
Coronavirus,Wissenschaft,Medizin,Corona-News-Update,Kampf gegen die Corona-Pandemie,Corona-Impfstoff,Corona-Impfungen,Coronavirus: Arbeit und Wirtschaft,Coronavirus: Medizin
Coronavirus,Wissenschaft,Medizin,Kampf gegen die Corona-Pandemie,Corona-Impfstoff,Corona-Impfungen,Corona-Impfstoff,Corona-News-Update,Coronavirus: Arbeit und Wirtschaft,Coronavirus: Medizin
Coronavirus,Wissenschaft,Medizin,Coronapandemie: Videos,Arbeitsrecht,Pflege
Coronavirus,Wissenschaft,Medizin,Corona-News-Update,Corona-Impfungen
Coronavirus,Wissenschaft,Medizin,Coronapandemie: Videos,Corona-Impfstoff,USA,Corona-Impfungen
Coronavirus,Wissenschaft,Medizin
Coronavirus,Wissenschaft,Medizin,Roche
Coronavirus,Wissenschaft,Medizin,Corona-Impfstoff,Corona-Impfungen
Coronavirus,Wissenschaft,Medizin,Coronavirus: Grafiken,Datenjournalismus
Coronavirus,Wissenschaft,Medizin,Corona-Impfungen,Corona-Impfstoff,Robert Koch-Institut (RKI)
Coronavirus,Wissenschaft,Medizin,Corona-Impfungen,Corona-Impfstoff
Coronavirus,Wissenschaft,Medizin,Coronavirus: Grafiken,Datenjournalismus
Coronavirus,Wissenschaft,Medizin,Robert Koch-Institut (RKI),Corona-Impfstoff,Corona-Impfungen
Coronavirus,Wissenschaft,Medizin,Corona-Impfstoff,Corona-Impfungen
Coronavirus,Wissenschaft,Medizin,COVID-19,Merck
Coronavirus,Wissenschaft,Medizin,Robert Koch-Institut (RKI),Robert Habeck,SPD,FDP,Corona-Impfstoff,Corona-Impfungen
Corona-Impfungen,Wissenschaft,Medizin,Coronavirus,Deutschland,Markus Söder,Robert Habeck,Jens Spahn,Helge Braun,Corona-Impfstoff,Robert Koch-Institut (RKI)
Corona-Impfungen,Wissenschaft,Medizin,Coronavirus,Corona-News-Update,Die Welt,Handelsblatt,Tschechien,Österreich,Funke Mediengruppe,Deutschland,Airbus,SPD,Bayern,CDU,FDP,Twitter
Corona-Impfungen,Wissenschaft,Medizin,Coronavirus,Corona-Impfstoff,Coronavirus: Medizin
Corona-Impfungen,Wissenschaft,Medizin,Coronavirus,Corona-Impfstoff,Coronavirus: Medizin
Corona-Impfungen,Wissenschaft,Medizin,COVID-19,Coronavirus,Corona-Impfstoff
Corona-Impfungen,Wissenschaft,Medizin,Coronavirus
Corona-Impfungen,Wissenschaft,Medizin,Coronavirus,Corona-News-Update,COVID-19,Corona-Impfstoff,Homeoffice,Funke Mediengruppe,SPD,FDP,Hubertus Heil
Corona-Impfungen,Wissenschaft,Medizin,Corona-News-Update,Coronavirus,Kampf gegen die Corona-Pandemie,Corona-Impfstoff,Corona-Impfstoff,Coronavirus: Arbeit und Wirtschaft,Coronavirus: Medizin
Corona-Impfungen,Wissenschaft,Medizin,Corona-News-Update,Coronavirus,Jens Spahn,CDU
Corona-Impfungen,Wissenschaft,Medizin,Corona-News-Update,Coronavirus,Kampf gegen die Corona-Pandemie,Corona-Impfstoff,Coronavirus: Arbeit und Wirtschaft,Coronavirus: Medizin
Corona-Impfungen,Wissenschaft,Medizin,Coronavirus,Kampf gegen die Corona-Pandemie,Corona-Impfstoff,Corona-Impfstoff,Corona-News-Update,Coronavirus: Arbeit und Wirtschaft,Coronavirus: Medizin
Corona-Impfungen,Wissenschaft,Medizin,Corona-News-Update,Coronavirus
Corona-Impfungen,Wissenschaft,Medizin,Coronavirus,Coronapandemie: Videos,Corona-Impfstoff,USA
Corona-Impfungen,Wissenschaft,Medizin,Coronavirus,Corona-Impfstoff
Corona-Impfungen,Wissenschaft,Medizin,Coronavirus,Corona-Impfstoff,Robert Koch-Institut (RKI)
Corona-Impfungen,Wissenschaft,Medizin,Coronavirus,Corona-Impfstoff
Corona-Impfungen,Wissenschaft,Medizin,Robert Koch-Institut (RKI),Coronavirus,Corona-Impfstoff
Corona-Impfungen,Wissenschaft,Medizin,Coronavirus,Corona-Impfstoff
Corona-Impfungen,Wissenschaft,Medizin,Robert Koch-Institut (RKI),Coronavirus,Robert Habeck,SPD,FDP,Corona-Impfstoff
Corona-Impfstoff,Wissenschaft,Medizin,Coronavirus,Deutschland,Markus Söder,Robert Habeck,Jens Spahn,Helge Braun,Corona-Impfungen,Robert Koch-Institut (RKI)
Corona-Impfstoff,Wissenschaft,Medizin,Coronavirus,Corona-Impfungen,Coronavirus: Medizin
Corona-Impfstoff,Wissenschaft,Medizin,Coronavirus,Corona-Impfungen,Coronavirus: Medizin
Corona-Impfstoff,Wissenschaft,Medizin,COVID-19,Coronavirus,Corona-Impfungen
Corona-Impfstoff,Wissenschaft,Medizin,Coronavirus,Coronavirus: Grafiken,Impfung,Datenjournalismus
Corona-Impfstoff,Wissenschaft,Medizin,Coronavirus,Corona-News-Update,Corona-Impfungen,COVID-19,Homeoffice,Funke Mediengruppe,SPD,FDP,Hubertus Heil
Corona-Impfstoff,Wissenschaft,Medizin,Corona-News-Update,Coronavirus,Kampf gegen die Corona-Pandemie,Corona-Impfstoff,Corona-Impfungen,Coronavirus: Arbeit und Wirtschaft,Coronavirus: Medizin
Corona-Impfstoff,Wissenschaft,Medizin,Corona-News-Update,Coronavirus,Kampf gegen die Corona-Pandemie,Corona-Impfungen,Coronavirus: Arbeit und Wirtschaft,Coronavirus: Medizin
Corona-Impfstoff,Wissenschaft,Medizin,Coronavirus,Kampf gegen die Corona-Pandemie,Corona-Impfstoff,Corona-Impfungen,Corona-News-Update,Coronavirus: Arbeit und Wirtschaft,Coronavirus: Medizin
Corona-Impfstoff,Wissenschaft,Medizin,Coronavirus,Coronapandemie: Videos,USA,Corona-Impfungen
Corona-Impfstoff,Wissenschaft,Medizin,Coronavirus,Corona-Impfungen
Corona-Impfstoff,Wissenschaft,Medizin,Coronavirus,Corona-Impfungen,Robert Koch-Institut (RKI)
Corona-Impfstoff,Wissenschaft,Medizin,Coronavirus,Corona-Impfungen
Corona-Impfstoff,Wissenschaft,Medizin,Robert Koch-Institut (RKI),Coronavirus,Corona-Impfungen
Corona-Impfstoff,Wissenschaft,Medizin,Coronavirus,Corona-Impfungen
Corona-Impfstoff,Wissenschaft,Medizin,Robert Koch-Institut (RKI),Coronavirus,Robert Habeck,SPD,FDP,Corona-Impfungen
Corona-News-Update,Wissenschaft,Medizin,Coronavirus,Corona-Impfungen,Die Welt,Handelsblatt,Tschechien,Österreich,Funke Mediengruppe,Deutschland,Airbus,SPD,Bayern,CDU,FDP,Twitter
Corona-News-Update,Wissenschaft,Medizin,Coronavirus,Corona-Impfungen,COVID-19,Corona-Impfstoff,Homeoffice,Funke Mediengruppe,SPD,FDP,Hubertus Heil
Corona-News-Update,Wissenschaft,Medizin,Coronavirus,Kampf gegen die Corona-Pandemie,Corona-Impfstoff,Corona-Impfungen,Corona-Impfstoff,Coronavirus: Arbeit und Wirtschaft,Coronavirus: Medizin
Corona-News-Update,Wissenschaft,Medizin,Coronavirus,Corona-Impfungen,Jens Spahn,CDU
Corona-News-Update,Wissenschaft,Medizin,Coronavirus,Kampf gegen die Corona-Pandemie,Corona-Impfstoff,Corona-Impfungen,Coronavirus: Arbeit und Wirtschaft,Coronavirus: Medizin
Corona-News-Update,Wissenschaft,Medizin,Coronavirus,Kampf gegen die Corona-Pandemie,Corona-Impfstoff,Corona-Impfungen,Corona-Impfstoff,Coronavirus: Arbeit und Wirtschaft,Coronavirus: Medizin
Corona-News-Update,Wissenschaft,Medizin,Coronavirus,Corona-Impfungen
Wissenschaft,Medizin,Coronavirus,Deutschland,Markus Söder,Robert Habeck,Jens Spahn,Helge Braun,Corona-Impfstoff,Corona-Impfungen,Robert Koch-Institut (RKI)
Wissenschaft,Medizin,Coronavirus,COVID-19,Robert Koch-Institut (RKI),Datenjournalismus
Wissenschaft,Medizin,Coronavirus,Corona-Impfungen,Corona-Impfstoff,Robert Koch-Institut (RKI)
Wissenschaft,Medizin,Robert Koch-Institut (RKI),Coronavirus,Corona-Impfstoff,Corona-Impfungen
Wissenschaft,Medizin,Robert Koch-Institut (RKI),Coronavirus,Robert Habeck,SPD,FDP,Corona-Impfstoff,Corona-Impfungen
Wissenschaft,Medizin,Coronavirus,Deutschland,Markus Söder,Robert Habeck,Jens Spahn,Helge Braun,Corona-Impfstoff,Corona-Impfungen,Robert Koch-Institut (RKI)
Wissenschaft,Medizin,Coronavirus,COVID-19,Robert Koch-Institut (RKI),Datenjournalismus
Wissenschaft,Medizin,Coronavirus,Corona-Impfungen,Corona-Impfstoff,Robert Koch-Institut (RKI)
Wissenschaft,Medizin,Robert Koch-Institut (RKI),Coronavirus,Corona-Impfstoff,Corona-Impfungen
Wissenschaft,Medizin,Robert Koch-Institut (RKI),Coronavirus,Robert Habeck,SPD,FDP,Corona-Impfstoff,Corona-Impfungen
Wissenschaft,Medizin,Coronavirus,Deutschland,Markus Söder,Robert Habeck,Jens Spahn,Helge Braun,Corona-Impfstoff,Corona-Impfungen,Robert Koch-Institut (RKI)
Wissenschaft,Medizin,Coronavirus,COVID-19,Robert Koch-Institut (RKI),Datenjournalismus
Wissenschaft,Medizin,Coronavirus,Corona-Impfungen,Corona-Impfstoff,Robert Koch-Institut (RKI)
Wissenschaft,Medizin,Robert Koch-Institut (RKI),Coronavirus,Corona-Impfstoff,Corona-Impfungen
Wissenschaft,Medizin,Robert Koch-Institut (RKI),Coronavirus,Robert Habeck,SPD,FDP,Corona-Impfstoff,Corona-Impfungen
Wissenschaft,Medizin,Coronavirus,Corona-Impfstoff,Corona-Impfungen,Coronavirus: Medizin
Wissenschaft,Medizin,Coronavirus,Corona-Impfstoff,Corona-Impfungen,Coronavirus: Medizin
Wissenschaft,Medizin,Coronavirus,Corona-Impfstoff,Coronavirus: Grafiken,Impfung,Datenjournalismus
Wissenschaft,Medizin,Corona-News-Update,Coronavirus,Kampf gegen die Corona-Pandemie,Corona-Impfstoff,Corona-Impfungen,Corona-Impfstoff,Coronavirus: Arbeit und Wirtschaft,Coronavirus: Medizin
Wissenschaft,Medizin,Corona-News-Update,Coronavirus,Kampf gegen die Corona-Pandemie,Corona-Impfstoff,Corona-Impfungen,Coronavirus: Arbeit und Wirtschaft,Coronavirus: Medizin
Wissenschaft,Medizin,Coronavirus,Kampf gegen die Corona-Pandemie,Corona-Impfstoff,Corona-Impfungen,Corona-Impfstoff,Corona-News-Update,Coronavirus: Arbeit und Wirtschaft,Coronavirus: Medizin
Wissenschaft,Medizin,Coronavirus,Coronavirus: Grafiken,Datenjournalismus
Wissenschaft,Medizin,Coronavirus,Coronavirus: Grafiken,Datenjournalismus
Medizin,Wissenschaft,Coronavirus,Deutschland,Markus Söder,Robert Habeck,Jens Spahn,Helge Braun,Corona-Impfstoff,Corona-Impfungen,Robert Koch-Institut (RKI)
Medizin,Wissenschaft,Coronavirus,Corona-News-Update,Corona-Impfungen,Die Welt,Handelsblatt,Tschechien,Österreich,Funke Mediengruppe,Deutschland,Airbus,SPD,Bayern,CDU,FDP,Twitter
Medizin,Wissenschaft,Coronavirus,Christian Drosten
Medizin,Wissenschaft,Coronavirus,Corona-Impfstoff,Corona-Impfungen,Coronavirus: Medizin
Medizin,Wissenschaft,Coronavirus,Corona-Impfstoff,Corona-Impfungen,Coronavirus: Medizin
Medizin,Wissenschaft,COVID-19,Coronavirus,Corona-Impfungen,Corona-Impfstoff
Medizin,Wissenschaft,Coronavirus,Corona-Impfstoff,Coronavirus: Grafiken,Impfung,Datenjournalismus
Medizin,Wissenschaft,Coronavirus,Dänemark
Medizin,Wissenschaft,Coronavirus,COVID-19,Robert Koch-Institut (RKI),Datenjournalismus
Medizin,Wissenschaft,Coronavirus,Corona-Impfungen
Medizin,Wissenschaft,Coronavirus,Corona-News-Update,Corona-Impfungen,COVID-19,Corona-Impfstoff,Homeoffice,Funke Mediengruppe,SPD,FDP,Hubertus Heil
Medizin,Wissenschaft,Coronavirus
Medizin,Wissenschaft,Corona-News-Update,Coronavirus,Kampf gegen die Corona-Pandemie,Corona-Impfstoff,Corona-Impfungen,Corona-Impfstoff,Coronavirus: Arbeit und Wirtschaft,Coronavirus: Medizin
Medizin,Wissenschaft,Corona-News-Update,Coronavirus,Corona-Impfungen,Jens Spahn,CDU
Medizin,Wissenschaft,Corona-News-Update,Coronavirus,Kampf gegen die Corona-Pandemie,Corona-Impfstoff,Corona-Impfungen,Coronavirus: Arbeit und Wirtschaft,Coronavirus: Medizin
Medizin,Wissenschaft,Coronavirus,Kampf gegen die Corona-Pandemie,Corona-Impfstoff,Corona-Impfungen,Corona-Impfstoff,Corona-News-Update,Coronavirus: Arbeit und Wirtschaft,Coronavirus: Medizin
Medizin,Wissenschaft,Coronavirus,Coronapandemie: Videos,Arbeitsrecht,Pflege
Medizin,Wissenschaft,Corona-News-Update,Coronavirus,Corona-Impfungen
Medizin,Wissenschaft,Coronavirus,Coronapandemie: Videos,Corona-Impfstoff,USA,Corona-Impfungen
Medizin,Wissenschaft,Coronavirus
Medizin,Wissenschaft,Coronavirus,Roche
Medizin,Wissenschaft,Coronavirus,Corona-Impfstoff,Corona-Impfungen
Medizin,Wissenschaft,Coronavirus,Coronavirus: Grafiken,Datenjournalismus
Medizin,Wissenschaft,Coronavirus,Corona-Impfungen,Corona-Impfstoff,Robert Koch-Institut (RKI)
Medizin,Wissenschaft,Coronavirus,Corona-Impfungen,Corona-Impfstoff
Medizin,Wissenschaft,Coronavirus,Coronavirus: Grafiken,Datenjournalismus
Medizin,Wissenschaft,Robert Koch-Institut (RKI),Coronavirus,Corona-Impfstoff,Corona-Impfungen
Medizin,Wissenschaft,Coronavirus,Corona-Impfstoff,Corona-Impfungen
Medizin,Wissenschaft,Matthias Maurer,Internationale Raumstation,SpaceX (Space Exploration Technologies Corporation),Raumfahrt
Medizin,Wissenschaft,COVID-19,Coronavirus,Merck
Medizin,Wissenschaft,Robert Koch-Institut (RKI),Coronavirus,Robert Habeck,SPD,FDP,Corona-Impfstoff,Corona-Impfungen
Datenjournalismus,Wissenschaft,Medizin,Coronavirus,Corona-Impfstoff,Coronavirus: Grafiken,Impfung
Datenjournalismus,Wissenschaft,Medizin,Coronavirus,COVID-19,Robert Koch-Institut (RKI)
Datenjournalismus,Wissenschaft,Medizin,Coronavirus,Coronavirus: Grafiken
Datenjournalismus,Wissenschaft,Medizin,Coronavirus,Coronavirus: Grafiken
COVID-19,Wissenschaft,Medizin,Coronavirus,Corona-Impfungen,Corona-Impfstoff
COVID-19,Wissenschaft,Medizin,Coronavirus,Robert Koch-Institut (RKI),Datenjournalismus
COVID-19,Wissenschaft,Medizin,Coronavirus,Corona-News-Update,Corona-Impfungen,Corona-Impfstoff,Homeoffice,Funke Mediengruppe,SPD,FDP,Hubertus Heil
COVID-19,Wissenschaft,Medizin,Coronavirus,Merck
SPD,Wissenschaft,Medizin,Coronavirus,Corona-News-Update,Corona-Impfungen,Die Welt,Handelsblatt,Tschechien,Österreich,Funke Mediengruppe,Deutschland,Airbus,Bayern,CDU,FDP,Twitter
SPD,Wissenschaft,Medizin,Coronavirus,Corona-News-Update,Corona-Impfungen,COVID-19,Corona-Impfstoff,Homeoffice,Funke Mediengruppe,FDP,Hubertus Heil
SPD,Wissenschaft,Medizin,Robert Koch-Institut (RKI),Coronavirus,Robert Habeck,FDP,Corona-Impfstoff,Corona-Impfungen
Wissenschaft,Medizin,Corona-News-Update,Coronavirus,Kampf gegen die Corona-Pandemie,Corona-Impfstoff,Corona-Impfungen,Corona-Impfstoff,Coronavirus: Arbeit und Wirtschaft,Coronavirus: Medizin
Wissenschaft,Medizin,Corona-News-Update,Coronavirus,Kampf gegen die Corona-Pandemie,Corona-Impfstoff,Corona-Impfungen,Coronavirus: Arbeit und Wirtschaft,Coronavirus: Medizin
Wissenschaft,Medizin,Coronavirus,Kampf gegen die Corona-Pandemie,Corona-Impfstoff,Corona-Impfungen,Corona-Impfstoff,Corona-News-Update,Coronavirus: Arbeit und Wirtschaft,Coronavirus: Medizin
Wissenschaft,Medizin,Corona-News-Update,Coronavirus,Kampf gegen die Corona-Pandemie,Corona-Impfstoff,Corona-Impfungen,Corona-Impfstoff,Coronavirus: Arbeit und Wirtschaft,Coronavirus: Medizin
Wissenschaft,Medizin,Corona-News-Update,Coronavirus,Kampf gegen die Corona-Pandemie,Corona-Impfstoff,Corona-Impfungen,Coronavirus: Arbeit und Wirtschaft,Coronavirus: Medizin
Wissenschaft,Medizin,Coronavirus,Kampf gegen die Corona-Pandemie,Corona-Impfstoff,Corona-Impfungen,Corona-Impfstoff,Corona-News-Update,Coronavirus: Arbeit und Wirtschaft,Coronavirus: Medizin
Wissenschaft,Medizin,Coronavirus,Corona-News-Update,Corona-Impfungen,Die Welt,Handelsblatt,Tschechien,Österreich,Funke Mediengruppe,Deutschland,Airbus,SPD,Bayern,CDU,FDP,Twitter
Wissenschaft,Medizin,Coronavirus,Corona-News-Update,Corona-Impfungen,COVID-19,Corona-Impfstoff,Homeoffice,Funke Mediengruppe,SPD,FDP,Hubertus Heil
Wissenschaft,Medizin,Corona-News-Update,Coronavirus,Kampf gegen die Corona-Pandemie,Corona-Impfstoff,Corona-Impfungen,Corona-Impfstoff,Coronavirus: Arbeit und Wirtschaft,Coronavirus: Medizin
Wissenschaft,Medizin,Corona-News-Update,Coronavirus,Kampf gegen die Corona-Pandemie,Corona-Impfstoff,Corona-Impfungen,Coronavirus: Arbeit und Wirtschaft,Coronavirus: Medizin
Wissenschaft,Medizin,Coronavirus,Kampf gegen die Corona-Pandemie,Corona-Impfstoff,Corona-Impfungen,Corona-Impfstoff,Corona-News-Update,Coronavirus: Arbeit und Wirtschaft,Coronavirus: Medizin
Wissenschaft,Medizin,Corona-News-Update,Coronavirus,Kampf gegen die Corona-Pandemie,Corona-Impfstoff,Corona-Impfungen,Corona-Impfstoff,Coronavirus: Arbeit und Wirtschaft,Coronavirus: Medizin
Wissenschaft,Medizin,Corona-News-Update,Coronavirus,Kampf gegen die Corona-Pandemie,Corona-Impfstoff,Corona-Impfungen,Coronavirus: Arbeit und Wirtschaft,Coronavirus: Medizin
Wissenschaft,Medizin,Coronavirus,Kampf gegen die Corona-Pandemie,Corona-Impfstoff,Corona-Impfungen,Corona-Impfstoff,Corona-News-Update,Coronavirus: Arbeit und Wirtschaft,Coronavirus: Medizin
FDP,Wissenschaft,Medizin,Coronavirus,Corona-News-Update,Corona-Impfungen,Die Welt,Handelsblatt,Tschechien,Österreich,Funke Mediengruppe,Deutschland,Airbus,SPD,Bayern,CDU,Twitter
FDP,Wissenschaft,Medizin,Coronavirus,Corona-News-Update,Corona-Impfungen,COVID-19,Corona-Impfstoff,Homeoffice,Funke Mediengruppe,SPD,Hubertus Heil
FDP,Wissenschaft,Medizin,Robert Koch-Institut (RKI),Coronavirus,Robert Habeck,SPD,Corona-Impfstoff,Corona-Impfungen
Wissenschaft,Medizin,Coronavirus,Corona-Impfstoff,Corona-Impfungen,Coronavirus: Medizin
Wissenschaft,Medizin,Coronavirus,Corona-Impfstoff,Corona-Impfungen,Coronavirus: Medizin
Wissenschaft,Medizin,Coronavirus,Corona-Impfstoff,Coronavirus: Grafiken,Impfung,Datenjournalismus
Wissenschaft,Medizin,Corona-News-Update,Coronavirus,Kampf gegen die Corona-Pandemie,Corona-Impfstoff,Corona-Impfungen,Corona-Impfstoff,Coronavirus: Arbeit und Wirtschaft,Coronavirus: Medizin
Wissenschaft,Medizin,Corona-News-Update,Coronavirus,Kampf gegen die Corona-Pandemie,Corona-Impfstoff,Corona-Impfungen,Coronavirus: Arbeit und Wirtschaft,Coronavirus: Medizin
Wissenschaft,Medizin,Coronavirus,Kampf gegen die Corona-Pandemie,Corona-Impfstoff,Corona-Impfungen,Corona-Impfstoff,Corona-News-Update,Coronavirus: Arbeit und Wirtschaft,Coronavirus: Medizin
Wissenschaft,Medizin,Coronavirus,Coronavirus: Grafiken,Datenjournalismus
Wissenschaft,Medizin,Coronavirus,Coronavirus: Grafiken,Datenjournalismus
Wissenschaft,Medizin,Coronavirus,Corona-Impfstoff,Coronavirus: Grafiken,Impfung,Datenjournalismus
Wissenschaft,Medizin,Coronavirus,Coronavirus: Grafiken,Datenjournalismus
Wissenschaft,Medizin,Coronavirus,Coronavirus: Grafiken,Datenjournalismus
Wissenschaft,Medizin,Coronavirus,Corona-Impfstoff,Corona-Impfungen,Coronavirus: Medizin
Wissenschaft,Medizin,Coronavirus,Corona-Impfstoff,Corona-Impfungen,Coronavirus: Medizin
Wissenschaft,Medizin,Coronavirus,Corona-Impfstoff,Coronavirus: Grafiken,Impfung,Datenjournalismus
Wissenschaft,Medizin,Corona-News-Update,Coronavirus,Kampf gegen die Corona-Pandemie,Corona-Impfstoff,Corona-Impfungen,Corona-Impfstoff,Coronavirus: Arbeit und Wirtschaft,Coronavirus: Medizin
Wissenschaft,Medizin,Corona-News-Update,Coronavirus,Kampf gegen die Corona-Pandemie,Corona-Impfstoff,Corona-Impfungen,Coronavirus: Arbeit und Wirtschaft,Coronavirus: Medizin
Wissenschaft,Medizin,Coronavirus,Kampf gegen die Corona-Pandemie,Corona-Impfstoff,Corona-Impfungen,Corona-Impfstoff,Corona-News-Update,Coronavirus: Arbeit und Wirtschaft,Coronavirus: Medizin
Wissenschaft,Medizin,Coronavirus,Coronavirus: Grafiken,Datenjournalismus
Wissenschaft,Medizin,Coronavirus,Coronavirus: Grafiken,Datenjournalismus
Wissenschaft,Medizin,Corona-News-Update,Coronavirus,Kampf gegen die Corona-Pandemie,Corona-Impfstoff,Corona-Impfungen,Corona-Impfstoff,Coronavirus: Arbeit und Wirtschaft,Coronavirus: Medizin
Wissenschaft,Medizin,Corona-News-Update,Coronavirus,Kampf gegen die Corona-Pandemie,Corona-Impfstoff,Corona-Impfungen,Coronavirus: Arbeit und Wirtschaft,Coronavirus: Medizin
Wissenschaft,Medizin,Coronavirus,Kampf gegen die Corona-Pandemie,Corona-Impfstoff,Corona-Impfungen,Corona-Impfstoff,Corona-News-Update,Coronavirus: Arbeit und Wirtschaft,Coronavirus: Medizin
Wissenschaft,Medizin,Coronavirus,Coronapandemie: Videos,Arbeitsrecht,Pflege
Wissenschaft,Medizin,Corona-News-Update,Coronavirus,Kampf gegen die Corona-Pandemie,Corona-Impfstoff,Corona-Impfungen,Corona-Impfstoff,Coronavirus: Arbeit und Wirtschaft,Coronavirus: Medizin
Wissenschaft,Medizin,Corona-News-Update,Coronavirus,Kampf gegen die Corona-Pandemie,Corona-Impfstoff,Corona-Impfungen,Coronavirus: Arbeit und Wirtschaft,Coronavirus: Medizin
Wissenschaft,Medizin,Coronavirus,Kampf gegen die Corona-Pandemie,Corona-Impfstoff,Corona-Impfungen,Corona-Impfstoff,Corona-News-Update,Coronavirus: Arbeit und Wirtschaft,Coronavirus: Medizin
Wissenschaft,Medizin,Corona-News-Update,Coronavirus,Kampf gegen die Corona-Pandemie,Corona-Impfstoff,Corona-Impfungen,Corona-Impfstoff,Coronavirus: Arbeit und Wirtschaft,Coronavirus: Medizin
Wissenschaft,Medizin,Corona-News-Update,Coronavirus,Kampf gegen die Corona-Pandemie,Corona-Impfstoff,Corona-Impfungen,Coronavirus: Arbeit und Wirtschaft,Coronavirus: Medizin
Wissenschaft,Medizin,Coronavirus,Kampf gegen die Corona-Pandemie,Corona-Impfstoff,Corona-Impfungen,Corona-Impfstoff,Corona-News-Update,Coronavirus: Arbeit und Wirtschaft,Coronavirus: Medizin
Wissenschaft,Medizin,Coronavirus,Deutschland,Markus Söder,Robert Habeck,Jens Spahn,Helge Braun,Corona-Impfstoff,Corona-Impfungen,Robert Koch-Institut (RKI)
Wissenschaft,Medizin,Coronavirus,COVID-19,Robert Koch-Institut (RKI),Datenjournalismus
Wissenschaft,Medizin,Coronavirus,Corona-Impfungen,Corona-Impfstoff,Robert Koch-Institut (RKI)
Wissenschaft,Medizin,Robert Koch-Institut (RKI),Coronavirus,Corona-Impfstoff,Corona-Impfungen
Wissenschaft,Medizin,Robert Koch-Institut (RKI),Coronavirus,Robert Habeck,SPD,FDP,Corona-Impfstoff,Corona-Impfungen
Wissenschaft,Medizin,Coronavirus,Deutschland,Markus Söder,Robert Habeck,Jens Spahn,Helge Braun,Corona-Impfstoff,Corona-Impfungen,Robert Koch-Institut (RKI)
Wissenschaft,Medizin,Robert Koch-Institut (RKI),Coronavirus,Robert Habeck,SPD,FDP,Corona-Impfstoff,Corona-Impfungen
Wissenschaft,Medizin,Coronavirus,Deutschland,Markus Söder,Robert Habeck,Jens Spahn,Helge Braun,Corona-Impfstoff,Corona-Impfungen,Robert Koch-Institut (RKI)
Wissenschaft,Medizin,Corona-News-Update,Coronavirus,Corona-Impfungen,Jens Spahn,CDU
Wissenschaft,Medizin,Coronavirus,Deutschland,Markus Söder,Robert Habeck,Jens Spahn,Helge Braun,Corona-Impfstoff,Corona-Impfungen,Robert Koch-Institut (RKI)
Wissenschaft,Medizin,Corona-News-Update,Coronavirus,Corona-Impfungen,Jens Spahn,CDU
Wissenschaft,Medizin,Coronavirus,Corona-News-Update,Corona-Impfungen,Die Welt,Handelsblatt,Tschechien,Österreich,Funke Mediengruppe,Deutschland,Airbus,SPD,Bayern,CDU,FDP,Twitter
Wissenschaft,Medizin,Coronavirus,Corona-News-Update,Corona-Impfungen,COVID-19,Corona-Impfstoff,Homeoffice,Funke Mediengruppe,SPD,FDP,Hubertus Heil
Wissenschaft,Medizin,Coronavirus,Corona-News-Update,Corona-Impfungen,Die Welt,Handelsblatt,Tschechien,Österreich,Funke Mediengruppe,Deutschland,Airbus,SPD,Bayern,CDU,FDP,Twitter
Wissenschaft,Medizin,Coronavirus,Corona-News-Update,Corona-Impfungen,COVID-19,Corona-Impfstoff,Homeoffice,Funke Mediengruppe,SPD,FDP,Hubertus Heil
Deutschland,Wissenschaft,Medizin,Coronavirus,Markus Söder,Robert Habeck,Jens Spahn,Helge Braun,Corona-Impfstoff,Corona-Impfungen,Robert Koch-Institut (RKI)
Deutschland,Wissenschaft,Medizin,Coronavirus,Corona-News-Update,Corona-Impfungen,Die Welt,Handelsblatt,Tschechien,Österreich,Funke Mediengruppe,Airbus,SPD,Bayern,CDU,FDP,Twitter
Wissenschaft,Medizin,Coronavirus,Coronapandemie: Videos,Arbeitsrecht,Pflege
Wissenschaft,Medizin,Coronavirus,Coronapandemie: Videos,Corona-Impfstoff,USA,Corona-Impfungen
Wissenschaft,Medizin,Coronavirus,Coronapandemie: Videos,Arbeitsrecht,Pflege
Wissenschaft,Medizin,Coronavirus,Coronapandemie: Videos,Corona-Impfstoff,USA,Corona-Impfungen
CDU,Wissenschaft,Medizin,Coronavirus,Corona-News-Update,Corona-Impfungen,Die Welt,Handelsblatt,Tschechien,Österreich,Funke Mediengruppe,Deutschland,Airbus,SPD,Bayern,FDP,Twitter
CDU,Wissenschaft,Medizin,Corona-News-Update,Coronavirus,Corona-Impfungen,Jens Spahn
USA,Wissenschaft,Medizin,Coronavirus,Coronapandemie: Videos,Corona-Impfstoff,Corona-Impfungen
Twitter,Wissenschaft,Medizin,Coronavirus,Corona-News-Update,Corona-Impfungen,Die Welt,Handelsblatt,Tschechien,Österreich,Funke Mediengruppe,Deutschland,Airbus,SPD,Bayern,CDU,FDP
Tschechien,Wissenschaft,Medizin,Coronavirus,Corona-News-Update,Corona-Impfungen,Die Welt,Handelsblatt,Österreich,Funke Mediengruppe,Deutschland,Airbus,SPD,Bayern,CDU,FDP,Twitter
Wissenschaft,Medizin,Matthias Maurer,Internationale Raumstation,SpaceX (Space Exploration Technologies Corporation),Raumfahrt
Wissenschaft,Medizin,Matthias Maurer,Internationale Raumstation,SpaceX (Space Exploration Technologies Corporation),Raumfahrt
Wissenschaft,Medizin,Matthias Maurer,Internationale Raumstation,SpaceX (Space Exploration Technologies Corporation),Raumfahrt
Wissenschaft,Medizin,Matthias Maurer,Internationale Raumstation,SpaceX (Space Exploration Technologies Corporation),Raumfahrt
Wissenschaft,Medizin,Matthias Maurer,Internationale Raumstation,SpaceX (Space Exploration Technologies Corporation),Raumfahrt
Roche,Wissenschaft,Medizin,Coronavirus
Raumfahrt,Wissenschaft,Medizin,Matthias Maurer,Internationale Raumstation,SpaceX (Space Exploration Technologies Corporation)
Pflege,Wissenschaft,Medizin,Coronavirus,Coronapandemie: Videos,Arbeitsrecht
Österreich,Wissenschaft,Medizin,Coronavirus,Corona-News-Update,Corona-Impfungen,Die Welt,Handelsblatt,Tschechien,Funke Mediengruppe,Deutschland,Airbus,SPD,Bayern,CDU,FDP,Twitter
Merck,Wissenschaft,Medizin,COVID-19,Coronavirus
Wissenschaft,Medizin,Matthias Maurer,Internationale Raumstation,SpaceX (Space Exploration Technologies Corporation),Raumfahrt
Wissenschaft,Medizin,Matthias Maurer,Internationale Raumstation,SpaceX (Space Exploration Technologies Corporation),Raumfahrt
Wissenschaft,Medizin,Coronavirus,Deutschland,Markus Söder,Robert Habeck,Jens Spahn,Helge Braun,Corona-Impfstoff,Corona-Impfungen,Robert Koch-Institut (RKI)
Wissenschaft,Medizin,Coronavirus,Deutschland,Markus Söder,Robert Habeck,Jens Spahn,Helge Braun,Corona-Impfstoff,Corona-Impfungen,Robert Koch-Institut (RKI)
Wissenschaft,Medizin,Matthias Maurer,Internationale Raumstation,SpaceX (Space Exploration Technologies Corporation),Raumfahrt
Wissenschaft,Medizin,Matthias Maurer,Internationale Raumstation,SpaceX (Space Exploration Technologies Corporation),Raumfahrt
Wissenschaft,Medizin,Coronavirus,Deutschland,Markus Söder,Robert Habeck,Jens Spahn,Helge Braun,Corona-Impfstoff,Corona-Impfungen,Robert Koch-Institut (RKI)
Wissenschaft,Medizin,Coronavirus,Corona-News-Update,Corona-Impfungen,Die Welt,Handelsblatt,Tschechien,Österreich,Funke Mediengruppe,Deutschland,Airbus,SPD,Bayern,CDU,FDP,Twitter
Wissenschaft,Medizin,Coronavirus,Corona-Impfstoff,Corona-Impfungen,Coronavirus: Medizin
Wissenschaft,Medizin,Coronavirus,Corona-Impfstoff,Corona-Impfungen,Coronavirus: Medizin
Wissenschaft,Medizin,COVID-19,Coronavirus,Corona-Impfungen,Corona-Impfstoff
Impfung,Wissenschaft,Medizin,Coronavirus,Corona-Impfstoff,Coronavirus: Grafiken,Datenjournalismus
Wissenschaft,Medizin,Coronavirus,Corona-Impfungen
Wissenschaft,Medizin,Coronavirus,Corona-News-Update,Corona-Impfungen,COVID-19,Corona-Impfstoff,Homeoffice,Funke Mediengruppe,SPD,FDP,Hubertus Heil
Wissenschaft,Medizin,Corona-News-Update,Coronavirus,Kampf gegen die Corona-Pandemie,Corona-Impfstoff,Corona-Impfungen,Corona-Impfstoff,Coronavirus: Arbeit und Wirtschaft,Coronavirus: Medizin
Wissenschaft,Medizin,Corona-News-Update,Coronavirus,Corona-Impfungen,Jens Spahn,CDU
Wissenschaft,Medizin,Corona-News-Update,Coronavirus,Kampf gegen die Corona-Pandemie,Corona-Impfstoff,Corona-Impfungen,Coronavirus: Arbeit und Wirtschaft,Coronavirus: Medizin
Wissenschaft,Medizin,Coronavirus,Kampf gegen die Corona-Pandemie,Corona-Impfstoff,Corona-Impfungen,Corona-Impfstoff,Corona-News-Update,Coronavirus: Arbeit und Wirtschaft,Coronavirus: Medizin
Wissenschaft,Medizin,Corona-News-Update,Coronavirus,Corona-Impfungen
Wissenschaft,Medizin,Coronavirus,Coronapandemie: Videos,Corona-Impfstoff,USA,Corona-Impfungen
Wissenschaft,Medizin,Coronavirus,Corona-Impfstoff,Corona-Impfungen
Wissenschaft,Medizin,Coronavirus,Corona-Impfungen,Corona-Impfstoff,Robert Koch-Institut (RKI)
Wissenschaft,Medizin,Coronavirus,Corona-Impfungen,Corona-Impfstoff
Wissenschaft,Medizin,Robert Koch-Institut (RKI),Coronavirus,Corona-Impfstoff,Corona-Impfungen
Wissenschaft,Medizin,Coronavirus,Corona-Impfstoff,Corona-Impfungen
Wissenschaft,Medizin,Robert Koch-Institut (RKI),Coronavirus,Robert Habeck,SPD,FDP,Corona-Impfstoff,Corona-Impfungen
Wissenschaft,Medizin,Coronavirus,Corona-News-Update,Corona-Impfungen,COVID-19,Corona-Impfstoff,Homeoffice,Funke Mediengruppe,SPD,FDP,Hubertus Heil
Wissenschaft,Medizin,Coronavirus,Corona-News-Update,Corona-Impfungen,COVID-19,Corona-Impfstoff,Homeoffice,Funke Mediengruppe,SPD,FDP,Hubertus Heil
Homeoffice,Wissenschaft,Medizin,Coronavirus,Corona-News-Update,Corona-Impfungen,COVID-19,Corona-Impfstoff,Funke Mediengruppe,SPD,FDP,Hubertus Heil
Wissenschaft,Medizin,Coronavirus,Deutschland,Markus Söder,Robert Habeck,Jens Spahn,Helge Braun,Corona-Impfstoff,Corona-Impfungen,Robert Koch-Institut (RKI)
Wissenschaft,Medizin,Coronavirus,Deutschland,Markus Söder,Robert Habeck,Jens Spahn,Helge Braun,Corona-Impfstoff,Corona-Impfungen,Robert Koch-Institut (RKI)
Handelsblatt,Wissenschaft,Medizin,Coronavirus,Corona-News-Update,Corona-Impfungen,Die Welt,Tschechien,Österreich,Funke Mediengruppe,Deutschland,Airbus,SPD,Bayern,CDU,FDP,Twitter
Wissenschaft,Medizin,Coronavirus,Corona-News-Update,Corona-Impfungen,Die Welt,Handelsblatt,Tschechien,Österreich,Funke Mediengruppe,Deutschland,Airbus,SPD,Bayern,CDU,FDP,Twitter
Wissenschaft,Medizin,Coronavirus,Corona-News-Update,Corona-Impfungen,Die Welt,Handelsblatt,Tschechien,Österreich,Funke Mediengruppe,Deutschland,Airbus,SPD,Bayern,CDU,FDP,Twitter
Dänemark,Wissenschaft,Medizin,Coronavirus
Wissenschaft,Medizin,Coronavirus,Christian Drosten
Wissenschaft,Medizin,Coronavirus,Christian Drosten
Bayern,Wissenschaft,Medizin,Coronavirus,Corona-News-Update,Corona-Impfungen,Die Welt,Handelsblatt,Tschechien,Österreich,Funke Mediengruppe,Deutschland,Airbus,SPD,CDU,FDP,Twitter
Arbeitsrecht,Wissenschaft,Medizin,Coronavirus,Coronapandemie: Videos,Pflege
Airbus,Wissenschaft,Medizin,Coronavirus,Corona-News-Update,Corona-Impfungen,Die Welt,Handelsblatt,Tschechien,Österreich,Funke Mediengruppe,Deutschland,SPD,Bayern,CDU,FDP,Twitter
